phase,unix_ts,elapsed_sec,connections,session_unregister_total,session_unregister_delta,disconnect_queue_size,udp_send_errors_total,udp_send_errors_delta
business,1771903507.126,0.081,33,0,0,0,0,0
business,1771903508.069,1.081,128,0,0,0,0,0
business,1771903509.070,2.082,128,0,0,0,0,0
business,1771903510.070,3.082,128,128,128,0,0,0
business,1771903511.071,4.083,77,179,51,0,0,0
business,1771903512.071,5.083,128,256,77,0,0,0
business,1771903513.071,6.083,4,381,125,1,0,0
business,1771903514.070,7.083,128,384,3,0,0,0
business,1771903515.093,8.083,58,512,128,0,0,0
business,1771903516.071,9.083,128,512,0,0,0,0
business,1771903517.071,10.084,128,640,128,0,0,0
business,1771903518.071,11.084,128,640,0,0,0,0
business,1771903519.072,12.084,128,768,128,0,0,0
business,1771903520.073,13.084,128,768,0,0,0,0
business,1771903521.072,14.085,128,896,128,0,0,0
business,1771903522.073,15.085,128,896,0,0,0,0
business,1771903523.090,16.089,128,1024,128,0,0,0
business,1771903524.077,17.089,128,1024,0,0,0,0
business,1771903525.077,18.089,128,1024,0,0,0,0
business,1771903526.087,19.089,128,1152,128,0,0,0
business,1771903527.078,20.089,128,1152,0,0,0,0
business,1771903528.078,21.090,128,1152,0,0,0,0
business,1771903529.148,22.100,128,1280,128,0,0,0
business,1771903530.089,23.100,128,1280,0,0,0,0
business,1771903531.088,24.100,128,1280,0,0,0,0
business,1771903532.132,25.101,128,1408,128,0,0,0
business,1771903533.130,26.101,128,1408,0,0,0,0
business,1771903534.088,27.101,128,1408,0,0,0,0
business,1771903535.146,28.110,128,1536,128,0,0,0
business,1771903536.097,29.110,128,1536,0,0,0,0
business,1771903537.099,30.110,128,1536,0,0,0,0
business,1771903538.972,31.111,32,1664,128,0,0,0
business,1771903539.950,32.111,128,1664,0,0,0,0
business,1771903540.949,33.112,0,1792,128,0,0,0
business,1771903541.994,34.122,128,1792,0,0,0,0
business,1771903542.989,35.131,128,1792,0,0,0,0
business,1771903543.969,36.131,128,1792,0,0,0,0
business,1771903544.968,37.131,128,1792,0,0,0,0
business,1771903545.969,38.131,128,1920,128,0,0,0
business,1771903546.969,39.131,128,1920,0,0,0,0
business,1771903547.970,40.132,128,2048,128,0,0,0
business,1771903548.973,41.132,128,2048,0,0,0,0
business,1771903549.969,42.132,128,2176,128,0,0,0
business,1771903550.971,43.132,128,2176,0,0,0,0
business,1771903551.971,44.132,128,2304,128,0,0,0
business,1771903552.971,45.133,128,2304,0,0,0,0
business,1771903554.051,46.133,128,2432,128,0,0,0
business,1771903555.045,47.133,128,2432,0,0,0,0
business,1771903556.040,48.143,128,2432,0,0,0,0
business,1771903556.982,49.144,128,2432,0,0,0,0
business,1771903557.982,50.144,128,2432,0,0,0,0
business,1771903558.982,51.144,128,2560,128,0,0,0
business,1771903559.983,52.144,122,2566,6,0,0,0
business,1771903560.982,53.144,128,2688,122,0,0,0
business,1771903561.982,54.145,128,2688,0,0,0,0
business,1771903562.982,55.145,128,2816,128,0,0,0
business,1771903563.983,56.145,50,2894,78,0,0,0
business,1771903565.032,57.155,128,2944,50,0,0,0
business,1771903565.992,58.155,128,2944,0,0,0,0
business,1771903566.992,59.155,0,3072,128,0,0,0
business,1771903567.993,60.155,128,3072,0,0,0,0
business,1771903568.993,61.155,0,3200,128,0,0,0
business,1771903569.993,62.155,128,3200,0,0,0,0
business,1771903571.891,63.158,63,3328,128,0,0,0
business,1771903572.866,64.159,128,3328,0,0,0,0
business,1771903573.889,65.159,128,3456,128,0,0,0
business,1771903574.867,66.159,128,3456,0,0,0,0
business,1771903575.868,67.159,128,3584,128,0,0,0
business,1771903576.869,68.162,128,3584,0,0,0,0
business,1771903577.869,69.162,128,3584,0,0,0,0
business,1771903578.868,70.162,128,3584,0,0,0,0
business,1771903579.869,71.162,128,3584,0,0,0,0
business,1771903580.871,72.163,128,3584,0,0,0,0
business,1771903581.870,73.163,0,3712,128,0,0,0
business,1771903582.871,74.163,128,3712,0,0,0,0
business,1771903583.931,75.163,85,3840,128,0,0,0
business,1771903584.871,76.163,128,3840,0,0,0,0
business,1771903585.883,77.163,124,3968,128,0,0,0
business,1771903586.870,78.163,128,3968,0,0,0,0
business,1771903587.870,79.163,128,3968,0,0,0,0
business,1771903588.870,80.164,128,3968,0,0,0,0
business,1771903589.871,81.164,128,3968,0,0,0,0
business,1771903590.872,82.164,128,3968,0,0,0,0
business,1771903591.914,83.165,128,4096,128,0,0,0
business,1771903592.910,84.180,128,4096,0,0,0,0
business,1771903593.908,85.189,128,4096,0,0,0,0
business,1771903594.897,86.190,128,4096,0,0,0,0
business,1771903595.949,87.195,128,4224,128,0,0,0
business,1771903596.901,88.195,128,4224,0,0,0,0
business,1771903597.904,89.195,128,4224,0,0,0,0
business,1771903598.909,90.198,128,4352,128,0,0,0
business,1771903599.905,91.198,128,4352,0,0,0,0
business,1771903600.905,92.198,0,4480,128,0,0,0
business,1771903601.956,93.217,128,4480,0,0,0,0
business,1771903602.926,94.217,128,4480,0,0,0,0
business,1771903603.925,95.218,128,4608,128,0,0,0
business,1771903605.798,96.218,128,4608,0,0,0,0
business,1771903606.799,97.218,0,4736,128,0,0,0
business,1771903607.799,98.218,128,4736,0,0,0,0
business,1771903608.800,99.219,128,4736,0,0,0,0
business,1771903609.799,100.219,128,4864,128,0,0,0
business,1771903610.799,101.219,94,4898,34,0,0,0
business,1771903611.799,102.219,128,4992,94,0,0,0
business,1771903612.841,103.223,128,4992,0,0,0,0
business,1771903613.841,104.223,128,4992,0,0,0,0
business,1771903614.834,105.237,128,4992,0,0,0,0
business,1771903615.818,106.238,128,4992,0,0,0,0
business,1771903616.818,107.238,36,5085,93,0,0,0
business,1771903617.874,108.238,128,5120,35,0,0,0
business,1771903618.873,109.238,128,5120,0,0,0,0
business,1771903619.867,110.259,128,5120,0,0,0,0
business,1771903620.867,111.264,128,5120,0,0,0,0
business,1771903621.844,112.264,128,5120,0,0,0,0
business,1771903622.845,113.264,0,5248,128,0,0,0
business,1771903623.874,114.264,128,5248,0,0,0,0
business,1771903624.887,115.275,128,5248,0,0,0,0
business,1771903625.854,116.275,128,5248,0,0,0,0
business,1771903626.915,117.275,109,5376,128,0,0,0
business,1771903627.905,118.275,128,5376,0,0,0,0
business,1771903628.889,119.284,128,5376,0,0,0,0
business,1771903629.865,120.284,128,5376,0,0,0,0
business,1771903630.865,121.285,0,5504,128,0,0,0
business,1771903631.885,122.289,128,5504,0,0,0,0
business,1771903632.889,123.289,128,5504,0,0,0,0
business,1771903633.933,124.340,128,5504,0,0,0,0
business,1771903634.921,125.340,128,5504,0,0,0,0
business,1771903635.921,126.340,128,5504,0,0,0,0
business,1771903636.936,127.340,128,5632,128,0,0,0
business,1771903638.773,128.340,128,5632,0,0,0,0
business,1771903639.773,129.341,5,5760,128,0,0,0
business,1771903640.800,130.345,128,5760,0,0,0,0
business,1771903641.786,131.349,128,5760,0,0,0,0
business,1771903642.796,132.357,128,5760,0,0,0,0
business,1771903643.791,133.358,128,5760,0,0,0,0
business,1771903644.791,134.358,128,5760,0,0,0,0
business,1771903645.791,135.358,128,5888,128,0,0,0
business,1771903646.790,136.358,34,5982,94,0,0,0
business,1771903647.790,137.358,128,6016,34,0,0,0
business,1771903648.791,138.358,128,6016,0,0,0,0
business,1771903649.795,139.358,128,6144,128,0,0,0
business,1771903650.836,140.374,128,6144,0,0,0,0
business,1771903651.841,141.394,128,6144,0,0,0,0
business,1771903652.828,142.394,128,6144,0,0,0,0
business,1771903653.827,143.394,128,6144,0,0,0,0
business,1771903654.828,144.395,128,6272,128,0,0,0
business,1771903655.828,145.395,128,6272,0,0,0,0
business,1771903656.879,146.400,128,6400,128,0,0,0
business,1771903657.845,147.411,128,6400,0,0,0,0
business,1771903658.846,148.413,128,6400,0,0,0,0
business,1771903659.845,149.414,128,6400,0,0,0,0
business,1771903660.847,150.414,128,6400,0,0,0,0
business,1771903661.847,151.414,128,6400,0,0,0,0
business,1771903662.846,152.415,128,6528,128,0,0,0
business,1771903663.847,153.415,128,6528,0,0,0,0
business,1771903664.848,154.415,128,6656,128,0,0,0
business,1771903665.847,155.415,128,6656,0,0,0,0
business,1771903666.848,156.415,128,6784,128,0,0,0
business,1771903667.847,157.415,128,6784,0,0,0,0
business,1771903668.848,158.415,128,6784,0,0,0,0
business,1771903669.849,159.416,128,6784,0,0,0,0
business,1771903671.786,160.421,128,6912,128,0,0,0
business,1771903672.755,161.421,128,6912,0,0,0,0
business,1771903673.792,162.435,128,6912,0,0,0,0
business,1771903674.783,163.449,128,6912,0,0,0,0
business,1771903675.784,164.450,128,6912,0,0,0,0
business,1771903676.789,165.451,23,7040,128,0,0,0
business,1771903677.786,166.451,128,7040,0,0,0,0
business,1771903678.786,167.451,128,7040,0,0,0,0
business,1771903679.830,168.472,128,7168,128,0,0,0
business,1771903680.806,169.472,128,7168,0,0,0,0
business,1771903681.819,170.486,128,7296,128,0,0,0
business,1771903682.820,171.486,128,7296,0,0,0,0
business,1771903683.879,172.491,128,7424,128,0,0,0
business,1771903684.879,173.496,128,7424,0,0,0,0
business,1771903685.891,174.500,128,7424,0,0,0,0
business,1771903686.847,175.504,128,7424,0,0,0,0
business,1771903687.837,176.504,128,7424,0,0,0,0
business,1771903688.839,177.505,128,7424,0,0,0,0
business,1771903689.888,178.509,126,7552,128,0,0,0
business,1771903690.842,179.509,128,7552,0,0,0,0
udp_inject,1771903691.904,180.570,16,7680,128,0,0,0
udp_inject,1771903692.914,181.572,16,7680,0,0,30,30
udp_inject,1771903693.919,182.573,16,7680,0,0,30,0
udp_inject,1771903694.913,183.573,16,7680,0,0,30,0
udp_inject,1771903695.912,184.574,16,7680,0,0,30,0
udp_inject,1771903696.917,185.574,16,7680,0,0,30,0
udp_inject,1771903697.915,186.575,16,7680,0,0,30,0
udp_inject,1771903698.922,187.578,16,7680,0,0,30,0
udp_inject,1771903699.921,188.579,16,7680,0,0,30,0
udp_inject,1771903700.919,189.580,16,7680,0,0,30,0
udp_inject,1771903701.928,190.582,16,7680,0,0,30,0
udp_inject,1771903702.924,191.583,16,7680,0,0,30,0
udp_inject,1771903703.920,192.583,16,7680,0,0,30,0
udp_inject,1771903705.812,193.585,16,7680,0,0,30,0
udp_inject,1771903706.811,194.586,16,7680,0,0,30,0
udp_inject,1771903707.811,195.586,16,7680,0,0,30,0
udp_inject,1771903708.818,196.588,16,7680,0,0,30,0
udp_inject,1771903709.816,197.588,16,7680,0,0,30,0
udp_inject,1771903710.811,198.589,16,7680,0,0,30,0
udp_inject,1771903711.815,199.590,16,7680,0,0,30,0
udp_inject,1771903712.813,200.591,16,7680,0,0,30,0
udp_inject,1771903713.822,201.592,16,7680,0,0,30,0
udp_inject,1771903714.826,202.593,16,7680,0,0,30,0
udp_inject,1771903715.822,203.593,16,7680,0,0,30,0
udp_inject,1771903716.821,204.596,16,7680,0,0,30,0
udp_inject,1771903717.819,205.596,16,7680,0,0,30,0
udp_inject,1771903718.816,206.597,16,7680,0,0,30,0
udp_inject,1771903719.826,207.598,16,7680,0,0,30,0
udp_inject,1771903720.825,208.599,16,7680,0,0,30,0
udp_inject,1771903721.828,209.600,16,7680,0,0,30,0
udp_inject,1771903722.829,210.600,16,7680,0,0,30,0
udp_inject,1771903723.821,211.600,0,7712,32,0,30,0
udp_inject,1771903724.832,212.600,0,7712,0,0,30,0
udp_inject,1771903725.832,213.601,0,7712,0,0,30,0
udp_inject,1771903726.830,214.601,0,7712,0,0,30,0
udp_inject,1771903727.827,215.602,0,7712,0,0,30,0
udp_inject,1771903728.830,216.602,0,7712,0,0,30,0
udp_inject,1771903729.829,217.602,0,7712,0,0,30,0
udp_inject,1771903730.831,218.602,0,7712,0,0,30,0
udp_inject,1771903731.831,219.602,0,7712,0,0,30,0
udp_inject,1771903732.827,220.603,0,7712,0,0,30,0
udp_inject,1771903733.830,221.605,0,7712,0,0,30,0
udp_inject,1771903734.829,222.605,0,7712,0,0,30,0
udp_inject,1771903735.840,223.607,0,7712,0,0,30,0
udp_inject,1771903736.841,224.611,0,7712,0,0,30,0
udp_inject,1771903738.752,225.611,0,7712,0,0,30,0
udp_inject,1771903739.756,226.611,0,7712,0,0,30,0
udp_inject,1771903740.758,227.613,0,7712,0,0,30,0
udp_inject,1771903741.762,228.617,0,7712,0,0,30,0
udp_inject,1771903742.765,229.621,0,7712,0,0,30,0
udp_inject,1771903743.762,230.621,0,7712,0,0,30,0
udp_inject,1771903744.765,231.623,0,7712,0,0,30,0
udp_inject,1771903745.770,232.624,0,7712,0,0,30,0
udp_inject,1771903746.771,233.624,0,7712,0,0,30,0
udp_inject,1771903747.770,234.625,0,7712,0,0,30,0
udp_inject,1771903748.765,235.625,0,7712,0,0,30,0
udp_inject,1771903749.772,236.625,0,7712,0,0,30,0
udp_inject,1771903750.770,237.625,0,7712,0,0,30,0
udp_inject,1771903751.772,238.630,0,7712,0,0,30,0
udp_inject,1771903752.776,239.631,0,7712,0,0,30,0
